"group","conversion_rate","avg"
"A","0.03923099042845992688","3.3745184679288412"
"B","0.04630081300813008130","3.39086694588578326"